{
  "data": [
    {
      "ticker": "005930",
      "name": "삼성전자",
      "price": 101500,
      "change": 900,
      "change_rate": 0.89,
      "headline": "전반적으로 코스피가 상승 흐름을 지속하는 가운데 삼성전자는 장기적으로 상승 모멘텀을 유지하려는 흐름입니다. 다만 삼성전자와 반도체 업황에 대한 뉴스가 엇갈려 단기적으로 변동성을 키우고 있으며, '삼전·하이닉스 급락시킨 키오시아 실적 충격' 등의 보도가 시장에 영향을 주고 있습니다. 또한 엔비디아 실적과 FOMC 의사록 대기 이슈가 단기 변동성 확대 요인이 되고 있습니다. 이러한 환경 속에서 기본적 펀더멘털의 우호성은 유지되지만, 시장 이벤트에 따른 변동성 관리가 필요합니다."
    },
    {
      "ticker": "000660",
      "name": "SK하이닉스",
      "price": 578000,
      "change": -1000,
      "change_rate": -0.17,
      "headline": "시장 전반은 반도체 업종의 흐름과 대외 이슈에 따라 변동성이 크지만, SK하이닉스의 장기적으로는 상승 흐름이 유지되고 있습니다. 제공된 뉴스에 따르면 엔비디아의 AI 관련 이슈와 키오시아 실적 충격이 업황에 혼재된 영향을 주고 있어 단기적으로는 조정 가능성이 있습니다. 그러나 회사의 양호한 수익성 및 견조한 현금창출 능력을 고려하면 중장기적으로는 회복 여력이 남아 있습니다."
    },
    {
      "ticker": "005380",
      "name": "현대차",
      "price": 312000,
      "change": 3000,
      "change_rate": 0.97,
      "headline": "시장 전반은 코스피의 상승 기조 속에 RSI가 상승권에 머물며 위험자산 선호가 유지되고 있습니다. 현대차의 밸류에이션 매력은 여전히 남아 있지만 이미 주가가 상승한 만큼 과도한 상승은 제한될 수 있습니다. 또한 현대차 그룹이 향후 모빌리티·에너지 전환을 위한 대규모 투자를 발표한 점은 긍정적 모멘텀으로 작용하고 있습니다. 현대차 그룹의 125조 원 규모 국내 투자 발표가 모빌리티/로봇/에너지 사업 확장을 가속할 전망입니다."
    },
    {
      "ticker": "207940",
      "name": "삼성바이오로직스",
      "price": 805000,
      "change": 5000,
      "change_rate": 0.63,
      "headline": "코스피 전반의 상승 추세 속에서 글로벌 이슈가 단기 리스크로 작용하나 투자심리는 여전히 개선되었습니다. 엔비디아 실적 및 FOMC 의사록 대기 등 외부 뉴스가 단기 변동성 요인으로 작용하고 있으며, 삼성바이오로직스의 고밸류에이션은 주의하되 차세대 의약품 개발과 생산서비스 확장으로 성장 여력이 존재합니다. 뉴스 흐름은 대외 이벤트에 따른 관망 흐름과 업종 간 수급 차이를 시사하고 있습니다."
    },
    {
      "ticker": "000270",
      "name": "기아",
      "price": 131000,
      "change": 1500,
      "change_rate": 1.16,
      "headline": "시장 전반은 상승 흐름을 지속하고 있으며, 코스피/코스닥의 위험자산 선호가 지속되고 있습니다. 뉴스에서 제시된 대형 투자 확대와 외국인 수급 개선 기대가 긍정적 흐름을 뒷받침하고 있습니다. 다만 반도체 업종의 호재와 악재가 교차하고 있으며 FOMC 의사록 대기 및 금리/환율 불안이 단기 변동성을 키우고 있습니다."
    }
  ]
}